<?xml version="1.0" encoding="UTF-8"?>
<con:config xmlns:con="http://www.sourceid.org/2004/05/config">
    <con:map name="IdpAuthnAdapterInstances">
        <con:item name="HTMLFormSimplePCV">com.pingidentity.adapters.htmlform.idp.HtmlFormIdpAuthnAdapter</con:item>
        <con:item name="App2App">com.pingidentity.idp.SampleApp2AppAdapter</con:item>
        <con:item name="LoginForm">com.pingidentity.adapters.htmlform.idp.HtmlFormIdpAuthnAdapter</con:item>
        <con:item name="PingOneRisk">com.pingidentity.adapters.pingoneriskmanagement.PingOneRiskManagementIdpAdapter</con:item>
        <con:item name="PingID">com.pingidentity.adapters.pingid.PingIDAdapter</con:item>
    </con:map>
</con:config>