<?xml version="1.0" encoding="UTF-8"?>
<urn:AuthnSelectionConfig lastModifiedMillis="1612453674527" enableAuthnSelection="true" enableSpAuthnSelection="false" failIfNoSelection="false" xmlns:urn="urn:pingidentity.com:pf:authn-selection">
    <urn:AuthnSelectionTrees>
        <urn:AuthnSelectionTree treeName="Risk Based Login Flow" disabled="false" authnApiApp="">
            <urn:AstRoot context="">
                <urn:AstAction xsi:type="urn:AuthnSourceActionType" xmlns:xsi="http://www.w3.org/2001/XMLSchema-instance">
                    <urn:AuthnSourceKey type="ADAPTER">IDFirst</urn:AuthnSourceKey>
                    <urn:fallbackToSuccess>true</urn:fallbackToSuccess>
                    <urn:userIdAuthenticated>false</urn:userIdAuthenticated>
                </urn:AstAction>
                <urn:AstChild context="Fail">
                    <urn:AstAction noOpType="DONE" xsi:type="urn:NoOpActionType" xmlns:xsi="http://www.w3.org/2001/XMLSchema-instance"/>
                </urn:AstChild>
                <urn:AstChild context="Success">
                    <urn:AstAction xsi:type="urn:AuthnSourceActionType" xmlns:xsi="http://www.w3.org/2001/XMLSchema-instance">
                        <urn:AuthnSourceKey type="ADAPTER">PingOneRisk</urn:AuthnSourceKey>
                        <urn:fallbackToSuccess>false</urn:fallbackToSuccess>
                        <urn:attributeRule>
                            <urn:IncomingAttr>riskLevel</urn:IncomingAttr>
                            <urn:Operand>EQUALS_CASE_INSENSITIVE</urn:Operand>
                            <urn:ExpectedValue>LOW</urn:ExpectedValue>
                            <urn:Result>LOW</urn:Result>
                        </urn:attributeRule>
                        <urn:attributeRule>
                            <urn:IncomingAttr>riskLevel</urn:IncomingAttr>
                            <urn:Operand>EQUALS_CASE_INSENSITIVE</urn:Operand>
                            <urn:ExpectedValue>MEDIUM</urn:ExpectedValue>
                            <urn:Result>MEDIUM</urn:Result>
                        </urn:attributeRule>
                        <urn:attributeRule>
                            <urn:IncomingAttr>riskLevel</urn:IncomingAttr>
                            <urn:Operand>EQUALS_CASE_INSENSITIVE</urn:Operand>
                            <urn:ExpectedValue>HIGH</urn:ExpectedValue>
                            <urn:Result>HIGH</urn:Result>
                        </urn:attributeRule>
                        <urn:InputIdMapping Type="Adapter" AttributeSourceId="IDFirst" Value="subject"/>
                        <urn:userIdAuthenticated>false</urn:userIdAuthenticated>
                    </urn:AstAction>
                    <urn:AstChild context="Fail">
                        <urn:AstAction noOpType="DONE" xsi:type="urn:NoOpActionType" xmlns:xsi="http://www.w3.org/2001/XMLSchema-instance"/>
                    </urn:AstChild>
                    <urn:AstChild context="LOW">
                        <urn:AstAction apcId="i3raLT1DCR3NdoOh" xsi:type="urn:ApcMappingActionType" xmlns:xsi="http://www.w3.org/2001/XMLSchema-instance">
                            <urn:AttributeMapping>
                                <urn1:AttributeMap Name="subject" Type="Adapter" AttributeSourceId="IDFirst" Value="subject" xmlns:urn1="urn:sourceid.org:saml2:metadata-extension:v2"/>
                                <urn1:TokenAuthorizationIssuanceCriteria xmlns:urn1="urn:sourceid.org:saml2:metadata-extension:v2"/>
                            </urn:AttributeMapping>
                        </urn:AstAction>
                    </urn:AstChild>
                    <urn:AstChild context="MEDIUM">
                        <urn:AstAction xsi:type="urn:AuthnSourceActionType" xmlns:xsi="http://www.w3.org/2001/XMLSchema-instance">
                            <urn:AuthnSourceKey type="ADAPTER">PingID</urn:AuthnSourceKey>
                            <urn:fallbackToSuccess>true</urn:fallbackToSuccess>
                            <urn:InputIdMapping Type="Adapter" AttributeSourceId="IDFirst" Value="subject"/>
                            <urn:userIdAuthenticated>false</urn:userIdAuthenticated>
                        </urn:AstAction>
                        <urn:AstChild context="Fail">
                            <urn:AstAction noOpType="DONE" xsi:type="urn:NoOpActionType" xmlns:xsi="http://www.w3.org/2001/XMLSchema-instance"/>
                        </urn:AstChild>
                        <urn:AstChild context="Success">
                            <urn:AstAction apcId="i3raLT1DCR3NdoOh" xsi:type="urn:ApcMappingActionType" xmlns:xsi="http://www.w3.org/2001/XMLSchema-instance">
                                <urn:AttributeMapping>
                                    <urn1:AttributeMap Name="subject" Type="Adapter" AttributeSourceId="IDFirst" Value="subject" xmlns:urn1="urn:sourceid.org:saml2:metadata-extension:v2"/>
                                    <urn1:TokenAuthorizationIssuanceCriteria xmlns:urn1="urn:sourceid.org:saml2:metadata-extension:v2"/>
                                </urn:AttributeMapping>
                            </urn:AstAction>
                        </urn:AstChild>
                    </urn:AstChild>
                    <urn:AstChild context="HIGH">
                        <urn:AstAction xsi:type="urn:AuthnSourceActionType" xmlns:xsi="http://www.w3.org/2001/XMLSchema-instance">
                            <urn:AuthnSourceKey type="ADAPTER">LoginForm</urn:AuthnSourceKey>
                            <urn:fallbackToSuccess>true</urn:fallbackToSuccess>
                            <urn:InputIdMapping Type="Adapter" AttributeSourceId="IDFirst" Value="subject"/>
                            <urn:userIdAuthenticated>false</urn:userIdAuthenticated>
                        </urn:AstAction>
                        <urn:AstChild context="Fail">
                            <urn:AstAction noOpType="DONE" xsi:type="urn:NoOpActionType" xmlns:xsi="http://www.w3.org/2001/XMLSchema-instance"/>
                        </urn:AstChild>
                        <urn:AstChild context="Success">
                            <urn:AstAction xsi:type="urn:AuthnSourceActionType" xmlns:xsi="http://www.w3.org/2001/XMLSchema-instance">
                                <urn:AuthnSourceKey type="ADAPTER">PingID</urn:AuthnSourceKey>
                                <urn:fallbackToSuccess>true</urn:fallbackToSuccess>
                                <urn:InputIdMapping Type="Adapter" AttributeSourceId="LoginForm" Value="username"/>
                                <urn:userIdAuthenticated>false</urn:userIdAuthenticated>
                            </urn:AstAction>
                            <urn:AstChild context="Fail">
                                <urn:AstAction noOpType="DONE" xsi:type="urn:NoOpActionType" xmlns:xsi="http://www.w3.org/2001/XMLSchema-instance"/>
                            </urn:AstChild>
                            <urn:AstChild context="Success">
                                <urn:AstAction apcId="i3raLT1DCR3NdoOh" xsi:type="urn:ApcMappingActionType" xmlns:xsi="http://www.w3.org/2001/XMLSchema-instance">
                                    <urn:AttributeMapping>
                                        <urn1:AttributeMap Name="subject" Type="Adapter" AttributeSourceId="LoginForm" Value="username" xmlns:urn1="urn:sourceid.org:saml2:metadata-extension:v2"/>
                                        <urn1:TokenAuthorizationIssuanceCriteria xmlns:urn1="urn:sourceid.org:saml2:metadata-extension:v2"/>
                                    </urn:AttributeMapping>
                                </urn:AstAction>
                            </urn:AstChild>
                        </urn:AstChild>
                    </urn:AstChild>
                </urn:AstChild>
            </urn:AstRoot>
        </urn:AuthnSelectionTree>
    </urn:AuthnSelectionTrees>
    <urn:DefaultAuthnSources/>
</urn:AuthnSelectionConfig>